dataset,method,mean_ci_matthews_corrcoef,mean_ci_accuracy,mean_ci_a01_precision,mean_ci_a01_recall,mean_ci_a01_f1-score,mean_ci_a02_precision,mean_ci_a02_recall,mean_ci_a02_f1-score,mean_ci_a03_precision,mean_ci_a03_recall,mean_ci_a03_f1-score,mean_ci_a04_precision,mean_ci_a04_recall,mean_ci_a04_f1-score,mean_ci_a05_precision,mean_ci_a05_recall,mean_ci_a05_f1-score,mean_ci_a06_precision,mean_ci_a06_recall,mean_ci_a06_f1-score,mean_ci_a07_precision,mean_ci_a07_recall,mean_ci_a07_f1-score,mean_ci_a08_precision,mean_ci_a08_recall,mean_ci_a08_f1-score,mean_ci_a09_precision,mean_ci_a09_recall,mean_ci_a09_f1-score,mean_ci_a10_precision,mean_ci_a10_recall,mean_ci_a10_f1-score,mean_ci_a11_precision,mean_ci_a11_recall,mean_ci_a11_f1-score,mean_ci_macro avg_precision,mean_ci_macro avg_recall,mean_ci_macro avg_f1-score,mean_ci_weighted avg_precision,mean_ci_weighted avg_recall,mean_ci_weighted avg_f1-score,mean_ci_Fit time,mean_ci_Predict time,mean_ci_3MuViS search time,mean_ci_Randopt search time,wilcoxon_matthews_corrcoef_vs_Random Forest MVS,wilcoxon_accuracy_vs_Random Forest MVS,wilcoxon_a01_precision_vs_Random Forest MVS,wilcoxon_a01_recall_vs_Random Forest MVS,wilcoxon_a01_f1-score_vs_Random Forest MVS,wilcoxon_a02_precision_vs_Random Forest MVS,wilcoxon_a02_recall_vs_Random Forest MVS,wilcoxon_a02_f1-score_vs_Random Forest MVS,wilcoxon_a03_precision_vs_Random Forest MVS,wilcoxon_a03_recall_vs_Random Forest MVS,wilcoxon_a03_f1-score_vs_Random Forest MVS,wilcoxon_a04_precision_vs_Random Forest MVS,wilcoxon_a04_recall_vs_Random Forest MVS,wilcoxon_a04_f1-score_vs_Random Forest MVS,wilcoxon_a05_precision_vs_Random Forest MVS,wilcoxon_a05_recall_vs_Random Forest MVS,wilcoxon_a05_f1-score_vs_Random Forest MVS,wilcoxon_a06_precision_vs_Random Forest MVS,wilcoxon_a06_recall_vs_Random Forest MVS,wilcoxon_a06_f1-score_vs_Random Forest MVS,wilcoxon_a07_precision_vs_Random Forest MVS,wilcoxon_a07_recall_vs_Random Forest MVS,wilcoxon_a07_f1-score_vs_Random Forest MVS,wilcoxon_a08_precision_vs_Random Forest MVS,wilcoxon_a08_recall_vs_Random Forest MVS,wilcoxon_a08_f1-score_vs_Random Forest MVS,wilcoxon_a09_precision_vs_Random Forest MVS,wilcoxon_a09_recall_vs_Random Forest MVS,wilcoxon_a09_f1-score_vs_Random Forest MVS,wilcoxon_a10_precision_vs_Random Forest MVS,wilcoxon_a10_recall_vs_Random Forest MVS,wilcoxon_a10_f1-score_vs_Random Forest MVS,wilcoxon_a11_precision_vs_Random Forest MVS,wilcoxon_a11_recall_vs_Random Forest MVS,wilcoxon_a11_f1-score_vs_Random Forest MVS,wilcoxon_macro avg_precision_vs_Random Forest MVS,wilcoxon_macro avg_recall_vs_Random Forest MVS,wilcoxon_macro avg_f1-score_vs_Random Forest MVS,wilcoxon_weighted avg_precision_vs_Random Forest MVS,wilcoxon_weighted avg_recall_vs_Random Forest MVS,wilcoxon_weighted avg_f1-score_vs_Random Forest MVS,wilcoxon_matthews_corrcoef_vs_Random Choice,wilcoxon_accuracy_vs_Random Choice,wilcoxon_a01_precision_vs_Random Choice,wilcoxon_a01_recall_vs_Random Choice,wilcoxon_a01_f1-score_vs_Random Choice,wilcoxon_a02_precision_vs_Random Choice,wilcoxon_a02_recall_vs_Random Choice,wilcoxon_a02_f1-score_vs_Random Choice,wilcoxon_a03_precision_vs_Random Choice,wilcoxon_a03_recall_vs_Random Choice,wilcoxon_a03_f1-score_vs_Random Choice,wilcoxon_a04_precision_vs_Random Choice,wilcoxon_a04_recall_vs_Random Choice,wilcoxon_a04_f1-score_vs_Random Choice,wilcoxon_a05_precision_vs_Random Choice,wilcoxon_a05_recall_vs_Random Choice,wilcoxon_a05_f1-score_vs_Random Choice,wilcoxon_a06_precision_vs_Random Choice,wilcoxon_a06_recall_vs_Random Choice,wilcoxon_a06_f1-score_vs_Random Choice,wilcoxon_a07_precision_vs_Random Choice,wilcoxon_a07_recall_vs_Random Choice,wilcoxon_a07_f1-score_vs_Random Choice,wilcoxon_a08_precision_vs_Random Choice,wilcoxon_a08_recall_vs_Random Choice,wilcoxon_a08_f1-score_vs_Random Choice,wilcoxon_a09_precision_vs_Random Choice,wilcoxon_a09_recall_vs_Random Choice,wilcoxon_a09_f1-score_vs_Random Choice,wilcoxon_a10_precision_vs_Random Choice,wilcoxon_a10_recall_vs_Random Choice,wilcoxon_a10_f1-score_vs_Random Choice,wilcoxon_a11_precision_vs_Random Choice,wilcoxon_a11_recall_vs_Random Choice,wilcoxon_a11_f1-score_vs_Random Choice,wilcoxon_macro avg_precision_vs_Random Choice,wilcoxon_macro avg_recall_vs_Random Choice,wilcoxon_macro avg_f1-score_vs_Random Choice,wilcoxon_weighted avg_precision_vs_Random Choice,wilcoxon_weighted avg_recall_vs_Random Choice,wilcoxon_weighted avg_f1-score_vs_Random Choice,wilcoxon_matthews_corrcoef_vs_Randopt,wilcoxon_accuracy_vs_Randopt,wilcoxon_a01_precision_vs_Randopt,wilcoxon_a01_recall_vs_Randopt,wilcoxon_a01_f1-score_vs_Randopt,wilcoxon_a02_precision_vs_Randopt,wilcoxon_a02_recall_vs_Randopt,wilcoxon_a02_f1-score_vs_Randopt,wilcoxon_a03_precision_vs_Randopt,wilcoxon_a03_recall_vs_Randopt,wilcoxon_a03_f1-score_vs_Randopt,wilcoxon_a04_precision_vs_Randopt,wilcoxon_a04_recall_vs_Randopt,wilcoxon_a04_f1-score_vs_Randopt,wilcoxon_a05_precision_vs_Randopt,wilcoxon_a05_recall_vs_Randopt,wilcoxon_a05_f1-score_vs_Randopt,wilcoxon_a06_precision_vs_Randopt,wilcoxon_a06_recall_vs_Randopt,wilcoxon_a06_f1-score_vs_Randopt,wilcoxon_a07_precision_vs_Randopt,wilcoxon_a07_recall_vs_Randopt,wilcoxon_a07_f1-score_vs_Randopt,wilcoxon_a08_precision_vs_Randopt,wilcoxon_a08_recall_vs_Randopt,wilcoxon_a08_f1-score_vs_Randopt,wilcoxon_a09_precision_vs_Randopt,wilcoxon_a09_recall_vs_Randopt,wilcoxon_a09_f1-score_vs_Randopt,wilcoxon_a10_precision_vs_Randopt,wilcoxon_a10_recall_vs_Randopt,wilcoxon_a10_f1-score_vs_Randopt,wilcoxon_a11_precision_vs_Randopt,wilcoxon_a11_recall_vs_Randopt,wilcoxon_a11_f1-score_vs_Randopt,wilcoxon_macro avg_precision_vs_Randopt,wilcoxon_macro avg_recall_vs_Randopt,wilcoxon_macro avg_f1-score_vs_Randopt,wilcoxon_weighted avg_precision_vs_Randopt,wilcoxon_weighted avg_recall_vs_Randopt,wilcoxon_weighted avg_f1-score_vs_Randopt,mean_ci_lying_precision,mean_ci_lying_recall,mean_ci_lying_f1-score,mean_ci_shuffling_precision,mean_ci_shuffling_recall,mean_ci_shuffling_f1-score,mean_ci_sitting_precision,mean_ci_sitting_recall,mean_ci_sitting_f1-score,mean_ci_standing_precision,mean_ci_standing_recall,mean_ci_standing_f1-score,mean_ci_walking_precision,mean_ci_walking_recall,mean_ci_walking_f1-score,wilcoxon_lying_precision_vs_Random Forest MVS,wilcoxon_lying_recall_vs_Random Forest MVS,wilcoxon_lying_f1-score_vs_Random Forest MVS,wilcoxon_shuffling_precision_vs_Random Forest MVS,wilcoxon_shuffling_recall_vs_Random Forest MVS,wilcoxon_shuffling_f1-score_vs_Random Forest MVS,wilcoxon_sitting_precision_vs_Random Forest MVS,wilcoxon_sitting_recall_vs_Random Forest MVS,wilcoxon_sitting_f1-score_vs_Random Forest MVS,wilcoxon_standing_precision_vs_Random Forest MVS,wilcoxon_standing_recall_vs_Random Forest MVS,wilcoxon_standing_f1-score_vs_Random Forest MVS,wilcoxon_walking_precision_vs_Random Forest MVS,wilcoxon_walking_recall_vs_Random Forest MVS,wilcoxon_walking_f1-score_vs_Random Forest MVS,wilcoxon_lying_precision_vs_Random Choice,wilcoxon_lying_recall_vs_Random Choice,wilcoxon_lying_f1-score_vs_Random Choice,wilcoxon_shuffling_precision_vs_Random Choice,wilcoxon_shuffling_recall_vs_Random Choice,wilcoxon_shuffling_f1-score_vs_Random Choice,wilcoxon_sitting_precision_vs_Random Choice,wilcoxon_sitting_recall_vs_Random Choice,wilcoxon_sitting_f1-score_vs_Random Choice,wilcoxon_standing_precision_vs_Random Choice,wilcoxon_standing_recall_vs_Random Choice,wilcoxon_standing_f1-score_vs_Random Choice,wilcoxon_walking_precision_vs_Random Choice,wilcoxon_walking_recall_vs_Random Choice,wilcoxon_walking_f1-score_vs_Random Choice,wilcoxon_lying_precision_vs_Randopt,wilcoxon_lying_recall_vs_Randopt,wilcoxon_lying_f1-score_vs_Randopt,wilcoxon_shuffling_precision_vs_Randopt,wilcoxon_shuffling_recall_vs_Randopt,wilcoxon_shuffling_f1-score_vs_Randopt,wilcoxon_sitting_precision_vs_Randopt,wilcoxon_sitting_recall_vs_Randopt,wilcoxon_sitting_f1-score_vs_Randopt,wilcoxon_standing_precision_vs_Randopt,wilcoxon_standing_recall_vs_Randopt,wilcoxon_standing_f1-score_vs_Randopt,wilcoxon_walking_precision_vs_Randopt,wilcoxon_walking_recall_vs_Randopt,wilcoxon_walking_f1-score_vs_Randopt,mean_ci_brush_teeth_precision,mean_ci_brush_teeth_recall,mean_ci_brush_teeth_f1-score,mean_ci_eat_chips_precision,mean_ci_eat_chips_recall,mean_ci_eat_chips_f1-score,mean_ci_mop_floor_precision,mean_ci_mop_floor_recall,mean_ci_mop_floor_f1-score,mean_ci_sweep_precision,mean_ci_sweep_recall,mean_ci_sweep_f1-score,mean_ci_type_on_keyboard_precision,mean_ci_type_on_keyboard_recall,mean_ci_type_on_keyboard_f1-score,mean_ci_wash_hands_precision,mean_ci_wash_hands_recall,mean_ci_wash_hands_f1-score,mean_ci_watch_tv_precision,mean_ci_watch_tv_recall,mean_ci_watch_tv_f1-score,wilcoxon_brush_teeth_precision_vs_Random Forest MVS,wilcoxon_brush_teeth_recall_vs_Random Forest MVS,wilcoxon_brush_teeth_f1-score_vs_Random Forest MVS,wilcoxon_eat_chips_precision_vs_Random Forest MVS,wilcoxon_eat_chips_recall_vs_Random Forest MVS,wilcoxon_eat_chips_f1-score_vs_Random Forest MVS,wilcoxon_mop_floor_precision_vs_Random Forest MVS,wilcoxon_mop_floor_recall_vs_Random Forest MVS,wilcoxon_mop_floor_f1-score_vs_Random Forest MVS,wilcoxon_sweep_precision_vs_Random Forest MVS,wilcoxon_sweep_recall_vs_Random Forest MVS,wilcoxon_sweep_f1-score_vs_Random Forest MVS,wilcoxon_type_on_keyboard_precision_vs_Random Forest MVS,wilcoxon_type_on_keyboard_recall_vs_Random Forest MVS,wilcoxon_type_on_keyboard_f1-score_vs_Random Forest MVS,wilcoxon_wash_hands_precision_vs_Random Forest MVS,wilcoxon_wash_hands_recall_vs_Random Forest MVS,wilcoxon_wash_hands_f1-score_vs_Random Forest MVS,wilcoxon_watch_tv_precision_vs_Random Forest MVS,wilcoxon_watch_tv_recall_vs_Random Forest MVS,wilcoxon_watch_tv_f1-score_vs_Random Forest MVS,wilcoxon_brush_teeth_precision_vs_Random Choice,wilcoxon_brush_teeth_recall_vs_Random Choice,wilcoxon_brush_teeth_f1-score_vs_Random Choice,wilcoxon_eat_chips_precision_vs_Random Choice,wilcoxon_eat_chips_recall_vs_Random Choice,wilcoxon_eat_chips_f1-score_vs_Random Choice,wilcoxon_mop_floor_precision_vs_Random Choice,wilcoxon_mop_floor_recall_vs_Random Choice,wilcoxon_mop_floor_f1-score_vs_Random Choice,wilcoxon_sweep_precision_vs_Random Choice,wilcoxon_sweep_recall_vs_Random Choice,wilcoxon_sweep_f1-score_vs_Random Choice,wilcoxon_type_on_keyboard_precision_vs_Random Choice,wilcoxon_type_on_keyboard_recall_vs_Random Choice,wilcoxon_type_on_keyboard_f1-score_vs_Random Choice,wilcoxon_wash_hands_precision_vs_Random Choice,wilcoxon_wash_hands_recall_vs_Random Choice,wilcoxon_wash_hands_f1-score_vs_Random Choice,wilcoxon_watch_tv_precision_vs_Random Choice,wilcoxon_watch_tv_recall_vs_Random Choice,wilcoxon_watch_tv_f1-score_vs_Random Choice,wilcoxon_brush_teeth_precision_vs_Randopt,wilcoxon_brush_teeth_recall_vs_Randopt,wilcoxon_brush_teeth_f1-score_vs_Randopt,wilcoxon_eat_chips_precision_vs_Randopt,wilcoxon_eat_chips_recall_vs_Randopt,wilcoxon_eat_chips_f1-score_vs_Randopt,wilcoxon_mop_floor_precision_vs_Randopt,wilcoxon_mop_floor_recall_vs_Randopt,wilcoxon_mop_floor_f1-score_vs_Randopt,wilcoxon_sweep_precision_vs_Randopt,wilcoxon_sweep_recall_vs_Randopt,wilcoxon_sweep_f1-score_vs_Randopt,wilcoxon_type_on_keyboard_precision_vs_Randopt,wilcoxon_type_on_keyboard_recall_vs_Randopt,wilcoxon_type_on_keyboard_f1-score_vs_Randopt,wilcoxon_wash_hands_precision_vs_Randopt,wilcoxon_wash_hands_recall_vs_Randopt,wilcoxon_wash_hands_f1-score_vs_Randopt,wilcoxon_watch_tv_precision_vs_Randopt,wilcoxon_watch_tv_recall_vs_Randopt,wilcoxon_watch_tv_f1-score_vs_Randopt
D1 MHAD,3MuViS,0.892 ∓ 0.019,0.900 ∓ 0.017,0.922 ∓ 0.042,0.873 ∓ 0.072,0.885 ∓ 0.052,0.949 ∓ 0.033,0.985 ∓ 0.016,0.964 ∓ 0.019,0.978 ∓ 0.026,0.996 ∓ 0.008,0.986 ∓ 0.016,0.980 ∓ 0.016,0.849 ∓ 0.070,0.900 ∓ 0.046,0.894 ∓ 0.050,0.944 ∓ 0.037,0.912 ∓ 0.037,0.910 ∓ 0.050,0.905 ∓ 0.061,0.898 ∓ 0.047,0.985 ∓ 0.016,0.929 ∓ 0.055,0.949 ∓ 0.037,0.879 ∓ 0.051,0.938 ∓ 0.040,0.897 ∓ 0.032,0.993 ∓ 0.009,0.912 ∓ 0.064,0.942 ∓ 0.043,0.848 ∓ 0.055,0.731 ∓ 0.082,0.758 ∓ 0.051,0.757 ∓ 0.059,0.839 ∓ 0.064,0.777 ∓ 0.040,0.918 ∓ 0.015,0.900 ∓ 0.017,0.897 ∓ 0.017,0.918 ∓ 0.015,0.900 ∓ 0.017,0.897 ∓ 0.017,5.113 ∓ 2.030,0.054 ∓ 0.011,364.643 ∓ 106.271,0.000 ∓ 0.000,0.917,0.898,0.999,0.980,0.999,0.963,0.949,0.993,0.398,0.841,0.466,0.238,0.969,0.953,0.741,0.431,0.617,0.998,0.061,0.690,0.377,0.656,0.663,0.656,0.991,0.942,0.111,0.601,0.597,0.102,0.792,0.416,0.706,0.112,0.256,0.909,0.910,0.921,0.899,0.898,0.921,0.003 **,0.004 **,0.594,0.177,0.099,0.051,0.248,0.038 *,0.112,0.013 *,0.005 **,0.046 *,0.753,0.308,0.041 *,0.008 **,0.008 **,0.164,0.008 **,0.005 **,0.166,0.736,0.586,0.772,0.056,0.295,0.034 *,0.848,0.420,0.037 *,0.828,0.354,0.324,0.007 **,0.036 *,0.002 **,0.004 **,0.006 **,0.002 **,0.004 **,0.005 **,0.007 **,0.009 **,0.926,0.200,0.506,0.330,0.453,0.379,0.033 *,0.327,0.018 *,0.055,0.912,0.465,0.172,0.004 **,0.020 *,0.397,0.008 **,0.025 *,0.010 *,0.819,0.255,0.344,0.245,0.351,0.154,0.183,0.153,0.021 *,0.388,0.028 *,0.083,0.011 *,0.009 **,0.009 **,0.008 **,0.009 **,0.010 *,0.009 **,0.009 **,,,,,,,,,,,,,,,,,,,,,,,,,,,,,,,,,,,,,,,,,,,,,,,,,,,,,,,,,,,,,,,,,,,,,,,,,,,,,,,,,,,,,,,,,,,,,,,,,,,,,,,,,,,,,,,,,,,,,,,,,,,,,,,,,,,,,,,,,,,,,,,,
D1 MHAD,Random Choice,0.845 ∓ 0.030,0.855 ∓ 0.028,0.925 ∓ 0.046,0.823 ∓ 0.082,0.850 ∓ 0.054,0.902 ∓ 0.046,0.970 ∓ 0.025,0.929 ∓ 0.029,0.948 ∓ 0.054,0.915 ∓ 0.071,0.911 ∓ 0.056,0.933 ∓ 0.052,0.877 ∓ 0.081,0.881 ∓ 0.066,0.806 ∓ 0.064,0.828 ∓ 0.086,0.800 ∓ 0.068,0.866 ∓ 0.079,0.758 ∓ 0.112,0.773 ∓ 0.089,0.970 ∓ 0.022,0.950 ∓ 0.034,0.956 ∓ 0.020,0.897 ∓ 0.054,0.889 ∓ 0.046,0.882 ∓ 0.037,0.965 ∓ 0.028,0.938 ∓ 0.057,0.942 ∓ 0.044,0.761 ∓ 0.067,0.777 ∓ 0.064,0.745 ∓ 0.043,0.727 ∓ 0.071,0.689 ∓ 0.095,0.685 ∓ 0.073,0.882 ∓ 0.020,0.856 ∓ 0.028,0.850 ∓ 0.029,0.882 ∓ 0.020,0.855 ∓ 0.028,0.850 ∓ 0.030,6.065 ∓ 4.084,0.036 ∓ 0.011,0.000 ∓ 0.000,0.000 ∓ 0.000,,,,,,,,,,,,,,,,,,,,,,,,,,,,,,,,,,,,,,,,,,,,,,,,,,,,,,,,,,,,,,,,,,,,,,,,,,,,,,,,,,,,,,,,,,,,,,,,,,,,,,,,,,,,,,,,,,,,,,,,,,,,,,,,,,,,,,,,,,,,,,,,,,,,,,,,,,,,,,,,,,,,,,,,,,,,,,,,,,,,,,,,,,,,,,,,,,,,,,,,,,,,,,,,,,,,,,,,,,,,,,,,,,,,,,,,,,,,,,,,,,,,,,,,,,,,,,,,,,,,,,,,,,,
D1 MHAD,Random Forest MVS,0.909 ∓ 0.015,0.915 ∓ 0.015,1.000 ∓ 0.000,0.957 ∓ 0.025,0.977 ∓ 0.014,0.982 ∓ 0.016,1.000 ∓ 0.000,0.991 ∓ 0.009,0.970 ∓ 0.023,1.000 ∓ 0.000,0.984 ∓ 0.012,0.967 ∓ 0.026,0.909 ∓ 0.065,0.925 ∓ 0.046,0.906 ∓ 0.047,0.936 ∓ 0.044,0.914 ∓ 0.037,1.000 ∓ 0.000,0.849 ∓ 0.074,0.906 ∓ 0.049,0.985 ∓ 0.014,0.961 ∓ 0.026,0.972 ∓ 0.019,0.888 ∓ 0.051,0.988 ∓ 0.011,0.931 ∓ 0.032,0.983 ∓ 0.018,0.931 ∓ 0.044,0.953 ∓ 0.029,0.784 ∓ 0.062,0.783 ∓ 0.066,0.755 ∓ 0.032,0.747 ∓ 0.074,0.755 ∓ 0.098,0.726 ∓ 0.073,0.928 ∓ 0.015,0.915 ∓ 0.015,0.912 ∓ 0.017,0.928 ∓ 0.015,0.915 ∓ 0.015,0.912 ∓ 0.017,10.246 ∓ 0.302,0.054 ∓ 0.006,0.000 ∓ 0.000,0.000 ∓ 0.000,,,,,,,,,,,,,,,,,,,,,,,,,,,,,,,,,,,,,,,,,,,,,,,,,,,,,,,,,,,,,,,,,,,,,,,,,,,,,,,,,,,,,,,,,,,,,,,,,,,,,,,,,,,,,,,,,,,,,,,,,,,,,,,,,,,,,,,,,,,,,,,,,,,,,,,,,,,,,,,,,,,,,,,,,,,,,,,,,,,,,,,,,,,,,,,,,,,,,,,,,,,,,,,,,,,,,,,,,,,,,,,,,,,,,,,,,,,,,,,,,,,,,,,,,,,,,,,,,,,,,,,,,,,
D1 MHAD,Randopt,0.852 ∓ 0.022,0.862 ∓ 0.021,0.961 ∓ 0.032,0.841 ∓ 0.070,0.887 ∓ 0.050,0.941 ∓ 0.038,0.981 ∓ 0.015,0.957 ∓ 0.023,0.911 ∓ 0.065,0.987 ∓ 0.026,0.936 ∓ 0.043,0.944 ∓ 0.042,0.887 ∓ 0.064,0.902 ∓ 0.044,0.858 ∓ 0.055,0.813 ∓ 0.086,0.817 ∓ 0.070,0.899 ∓ 0.056,0.783 ∓ 0.082,0.822 ∓ 0.062,0.945 ∓ 0.035,0.956 ∓ 0.044,0.943 ∓ 0.031,0.867 ∓ 0.054,0.918 ∓ 0.046,0.886 ∓ 0.045,0.971 ∓ 0.029,0.883 ∓ 0.059,0.917 ∓ 0.040,0.754 ∓ 0.069,0.715 ∓ 0.088,0.695 ∓ 0.048,0.697 ∓ 0.063,0.724 ∓ 0.089,0.685 ∓ 0.056,0.886 ∓ 0.018,0.863 ∓ 0.021,0.859 ∓ 0.022,0.886 ∓ 0.018,0.862 ∓ 0.021,0.859 ∓ 0.022,4.514 ∓ 2.083,0.040 ∓ 0.008,0.000 ∓ 0.000,258.445 ∓ 117.786,,,,,,,,,,,,,,,,,,,,,,,,,,,,,,,,,,,,,,,,,,,,,,,,,,,,,,,,,,,,,,,,,,,,,,,,,,,,,,,,,,,,,,,,,,,,,,,,,,,,,,,,,,,,,,,,,,,,,,,,,,,,,,,,,,,,,,,,,,,,,,,,,,,,,,,,,,,,,,,,,,,,,,,,,,,,,,,,,,,,,,,,,,,,,,,,,,,,,,,,,,,,,,,,,,,,,,,,,,,,,,,,,,,,,,,,,,,,,,,,,,,,,,,,,,,,,,,,,,,,,,,,,,,
D1 MHAD,Brute Force,0.967 ∓ 0.000,0.970 ∓ 0.000,1.000 ∓ 0.000,1.000 ∓ 0.000,1.000 ∓ 0.000,1.000 ∓ 0.000,1.000 ∓ 0.000,1.000 ∓ 0.000,1.000 ∓ 0.000,1.000 ∓ 0.000,1.000 ∓ 0.000,0.923 ∓ 0.000,1.000 ∓ 0.000,0.960 ∓ 0.000,1.000 ∓ 0.000,1.000 ∓ 0.000,1.000 ∓ 0.000,1.000 ∓ 0.000,1.000 ∓ 0.000,1.000 ∓ 0.000,1.000 ∓ 0.000,1.000 ∓ 0.000,1.000 ∓ 0.000,1.000 ∓ 0.000,0.917 ∓ 0.000,0.957 ∓ 0.000,1.000 ∓ 0.000,1.000 ∓ 0.000,1.000 ∓ 0.000,0.846 ∓ 0.000,0.917 ∓ 0.000,0.880 ∓ 0.000,0.909 ∓ 0.000,0.833 ∓ 0.000,0.870 ∓ 0.000,0.971 ∓ 0.000,0.970 ∓ 0.000,0.970 ∓ 0.000,0.971 ∓ 0.000,0.970 ∓ 0.000,0.970 ∓ 0.000,1.662 ∓ 0.000,0.016 ∓ 0.000,0.000 ∓ 0.000,0.000 ∓ 0.000,,,,,,,,,,,,,,,,,,,,,,,,,,,,,,,,,,,,,,,,,,,,,,,,,,,,,,,,,,,,,,,,,,,,,,,,,,,,,,,,,,,,,,,,,,,,,,,,,,,,,,,,,,,,,,,,,,,,,,,,,,,,,,,,,,,,,,,,,,,,,,,,,,,,,,,,,,,,,,,,,,,,,,,,,,,,,,,,,,,,,,,,,,,,,,,,,,,,,,,,,,,,,,,,,,,,,,,,,,,,,,,,,,,,,,,,,,,,,,,,,,,,,,,,,,,,,,,,,,,,,,,,,,,
D5 HAR70+,3MuViS,0.910 ∓ 0.010,0.951 ∓ 0.006,,,,,,,,,,,,,,,,,,,,,,,,,,,,,,,,,,0.879 ∓ 0.017,0.863 ∓ 0.016,0.859 ∓ 0.017,0.954 ∓ 0.005,0.951 ∓ 0.006,0.950 ∓ 0.006,13.898 ∓ 2.680,0.177 ∓ 0.031,1120.020 ∓ 229.752,0.000 ∓ 0.000,0.126,0.138,,,,,,,,,,,,,,,,,,,,,,,,,,,,,,,,,,0.026 *,0.317,0.356,0.011 *,0.138,0.169,0.000 ***,0.000 ***,,,,,,,,,,,,,,,,,,,,,,,,,,,,,,,,,,0.000 ***,0.001 ***,0.000 ***,0.000 ***,0.000 ***,0.000 ***,0.000 ***,0.000 ***,,,,,,,,,,,,,,,,,,,,,,,,,,,,,,,,,,0.000 ***,0.000 ***,0.000 ***,0.000 ***,0.000 ***,0.000 ***,0.976 ∓ 0.027,0.897 ∓ 0.064,0.926 ∓ 0.045,0.556 ∓ 0.053,0.499 ∓ 0.077,0.484 ∓ 0.046,0.936 ∓ 0.041,0.970 ∓ 0.028,0.948 ∓ 0.028,0.950 ∓ 0.015,0.977 ∓ 0.006,0.963 ∓ 0.008,0.977 ∓ 0.005,0.971 ∓ 0.008,0.974 ∓ 0.003,0.187,0.735,0.566,0.006 **,0.078,0.067,0.623,0.486,0.699,0.015 *,0.717,0.006 **,0.289,0.137,0.144,0.130,0.054,0.078,0.000 ***,0.271,0.007 **,0.042 *,0.007 **,0.015 *,0.060,0.000 ***,0.000 ***,0.078,0.029 *,0.000 ***,0.101,0.128,0.079,0.002 **,0.001 ***,0.000 ***,0.005 **,0.197,0.018 *,0.049 *,0.007 **,0.015 *,0.001 ***,0.104,0.000 ***,,,,,,,,,,,,,,,,,,,,,,,,,,,,,,,,,,,,,,,,,,,,,,,,,,,,,,,,,,,,,,,,,,,,,,,,,,,,,,,,,,,,
D5 HAR70+,Random Choice,0.875 ∓ 0.020,0.930 ∓ 0.013,,,,,,,,,,,,,,,,,,,,,,,,,,,,,,,,,,0.833 ∓ 0.020,0.827 ∓ 0.021,0.817 ∓ 0.025,0.938 ∓ 0.008,0.930 ∓ 0.013,0.930 ∓ 0.011,16.575 ∓ 6.263,0.241 ∓ 0.108,0.000 ∓ 0.000,0.000 ∓ 0.000,,,,,,,,,,,,,,,,,,,,,,,,,,,,,,,,,,,,,,,,,,,,,,,,,,,,,,,,,,,,,,,,,,,,,,,,,,,,,,,,,,,,,,,,,,,,,,,,,,,,,,,,,,,,,,,,,,,,,,,,,,,,0.964 ∓ 0.031,0.846 ∓ 0.093,0.881 ∓ 0.077,0.410 ∓ 0.060,0.435 ∓ 0.076,0.396 ∓ 0.051,0.890 ∓ 0.069,0.935 ∓ 0.038,0.901 ∓ 0.053,0.929 ∓ 0.026,0.962 ∓ 0.008,0.943 ∓ 0.015,0.971 ∓ 0.007,0.957 ∓ 0.016,0.963 ∓ 0.008,,,,,,,,,,,,,,,,,,,,,,,,,,,,,,,,,,,,,,,,,,,,,,,,,,,,,,,,,,,,,,,,,,,,,,,,,,,,,,,,,,,,,,,,,,,,,,,,,,,,,,,,,,,,,,,,,,,,,,,,,,,,,,,,,
D5 HAR70+,Random Forest MVS,0.905 ∓ 0.010,0.948 ∓ 0.006,,,,,,,,,,,,,,,,,,,,,,,,,,,,,,,,,,0.863 ∓ 0.015,0.861 ∓ 0.013,0.857 ∓ 0.014,0.950 ∓ 0.005,0.948 ∓ 0.006,0.948 ∓ 0.006,74.195 ∓ 1.199,0.097 ∓ 0.003,0.000 ∓ 0.000,0.000 ∓ 0.000,,,,,,,,,,,,,,,,,,,,,,,,,,,,,,,,,,,,,,,,,,,,,,,,,,,,,,,,,,,,,,,,,,,,,,,,,,,,,,,,,,,,,,,,,,,,,,,,,,,,,,,,,,,,,,,,,,,,,,,,,,,,0.961 ∓ 0.030,0.934 ∓ 0.039,0.943 ∓ 0.026,0.492 ∓ 0.053,0.460 ∓ 0.049,0.459 ∓ 0.038,0.944 ∓ 0.034,0.968 ∓ 0.026,0.953 ∓ 0.024,0.942 ∓ 0.017,0.978 ∓ 0.006,0.959 ∓ 0.009,0.976 ∓ 0.003,0.966 ∓ 0.008,0.971 ∓ 0.004,,,,,,,,,,,,,,,,,,,,,,,,,,,,,,,,,,,,,,,,,,,,,,,,,,,,,,,,,,,,,,,,,,,,,,,,,,,,,,,,,,,,,,,,,,,,,,,,,,,,,,,,,,,,,,,,,,,,,,,,,,,,,,,,,
D5 HAR70+,Randopt,0.878 ∓ 0.018,0.933 ∓ 0.010,,,,,,,,,,,,,,,,,,,,,,,,,,,,,,,,,,0.830 ∓ 0.026,0.815 ∓ 0.024,0.808 ∓ 0.030,0.938 ∓ 0.007,0.933 ∓ 0.010,0.932 ∓ 0.010,7.786 ∓ 2.704,0.193 ∓ 0.099,0.000 ∓ 0.000,400.669 ∓ 170.336,,,,,,,,,,,,,,,,,,,,,,,,,,,,,,,,,,,,,,,,,,,,,,,,,,,,,,,,,,,,,,,,,,,,,,,,,,,,,,,,,,,,,,,,,,,,,,,,,,,,,,,,,,,,,,,,,,,,,,,,,,,,0.927 ∓ 0.054,0.839 ∓ 0.089,0.864 ∓ 0.077,0.458 ∓ 0.072,0.371 ∓ 0.058,0.374 ∓ 0.045,0.859 ∓ 0.075,0.933 ∓ 0.045,0.883 ∓ 0.058,0.938 ∓ 0.019,0.969 ∓ 0.006,0.952 ∓ 0.010,0.969 ∓ 0.005,0.962 ∓ 0.014,0.965 ∓ 0.006,,,,,,,,,,,,,,,,,,,,,,,,,,,,,,,,,,,,,,,,,,,,,,,,,,,,,,,,,,,,,,,,,,,,,,,,,,,,,,,,,,,,,,,,,,,,,,,,,,,,,,,,,,,,,,,,,,,,,,,,,,,,,,,,,
D5 HAR70+,Brute Force,0.943 ∓ 0.000,0.969 ∓ 0.000,,,,,,,,,,,,,,,,,,,,,,,,,,,,,,,,,,0.917 ∓ 0.000,0.901 ∓ 0.000,0.909 ∓ 0.000,0.967 ∓ 0.000,0.969 ∓ 0.000,0.968 ∓ 0.000,38.138 ∓ 0.000,0.172 ∓ 0.000,0.000 ∓ 0.000,0.000 ∓ 0.000,,,,,,,,,,,,,,,,,,,,,,,,,,,,,,,,,,,,,,,,,,,,,,,,,,,,,,,,,,,,,,,,,,,,,,,,,,,,,,,,,,,,,,,,,,,,,,,,,,,,,,,,,,,,,,,,,,,,,,,,,,,,1.000 ∓ 0.000,1.000 ∓ 0.000,1.000 ∓ 0.000,0.630 ∓ 0.000,0.535 ∓ 0.000,0.579 ∓ 0.000,1.000 ∓ 0.000,1.000 ∓ 0.000,1.000 ∓ 0.000,0.979 ∓ 0.000,0.988 ∓ 0.000,0.983 ∓ 0.000,0.979 ∓ 0.000,0.984 ∓ 0.000,0.981 ∓ 0.000,,,,,,,,,,,,,,,,,,,,,,,,,,,,,,,,,,,,,,,,,,,,,,,,,,,,,,,,,,,,,,,,,,,,,,,,,,,,,,,,,,,,,,,,,,,,,,,,,,,,,,,,,,,,,,,,,,,,,,,,,,,,,,,,,
D4 HTAD,3MuViS,0.578 ∓ 0.053,0.634 ∓ 0.050,,,,,,,,,,,,,,,,,,,,,,,,,,,,,,,,,,0.667 ∓ 0.032,0.611 ∓ 0.043,0.580 ∓ 0.054,0.690 ∓ 0.039,0.634 ∓ 0.050,0.603 ∓ 0.063,2.462 ∓ 0.653,0.064 ∓ 0.011,162.916 ∓ 32.480,0.000 ∓ 0.000,0.914,0.929,,,,,,,,,,,,,,,,,,,,,,,,,,,,,,,,,,0.375,0.900,0.874,0.317,0.929,0.885,0.000 ***,0.001 ***,,,,,,,,,,,,,,,,,,,,,,,,,,,,,,,,,,0.000 ***,0.000 ***,0.002 **,0.000 ***,0.001 ***,0.003 **,0.000 ***,0.000 ***,,,,,,,,,,,,,,,,,,,,,,,,,,,,,,,,,,0.000 ***,0.001 ***,0.002 **,0.000 ***,0.000 ***,0.002 **,,,,,,,,,,,,,,,,,,,,,,,,,,,,,,,,,,,,,,,,,,,,,,,,,,,,,,,,,,,,,0.509 ∓ 0.052,0.702 ∓ 0.104,0.573 ∓ 0.070,0.770 ∓ 0.052,0.863 ∓ 0.045,0.804 ∓ 0.037,0.656 ∓ 0.068,0.429 ∓ 0.080,0.470 ∓ 0.066,0.520 ∓ 0.047,0.555 ∓ 0.039,0.527 ∓ 0.033,0.939 ∓ 0.041,0.493 ∓ 0.151,0.538 ∓ 0.150,0.526 ∓ 0.064,0.380 ∓ 0.093,0.395 ∓ 0.077,0.751 ∓ 0.095,0.855 ∓ 0.085,0.756 ∓ 0.079,0.755,0.999,0.930,0.008 **,0.901,0.024 *,0.532,0.975,0.997,0.994,0.853,0.957,0.086,0.354,0.085,0.144,0.052,0.144,0.976,0.977,0.999,0.427,0.001 **,0.012 *,0.002 **,0.008 **,0.000 ***,0.000 ***,0.500,0.091,0.002 **,0.001 **,0.000 ***,0.001 ***,0.489,0.284,0.014 *,0.554,0.375,0.100,0.033 *,0.115,0.019 *,0.000 ***,0.000 ***,0.001 ***,0.001 ***,0.000 ***,0.001 ***,0.371,0.188,0.024 *,0.071,0.015 *,0.001 **,0.921,0.863,0.030 *,0.186,0.188,0.139,0.002 **,0.180
D4 HTAD,Random Choice,0.491 ∓ 0.048,0.563 ∓ 0.045,,,,,,,,,,,,,,,,,,,,,,,,,,,,,,,,,,0.559 ∓ 0.037,0.543 ∓ 0.040,0.516 ∓ 0.044,0.586 ∓ 0.045,0.563 ∓ 0.045,0.541 ∓ 0.051,3.686 ∓ 2.080,0.037 ∓ 0.011,0.000 ∓ 0.000,0.000 ∓ 0.000,,,,,,,,,,,,,,,,,,,,,,,,,,,,,,,,,,,,,,,,,,,,,,,,,,,,,,,,,,,,,,,,,,,,,,,,,,,,,,,,,,,,,,,,,,,,,,,,,,,,,,,,,,,,,,,,,,,,,,,,,,,,,,,,,,,,,,,,,,,,,,,,,,,,,,,,,,,,,,,,,,,,,,,,,,,,,,,,,,,,,,,,0.500 ∓ 0.076,0.507 ∓ 0.104,0.480 ∓ 0.079,0.676 ∓ 0.073,0.785 ∓ 0.050,0.707 ∓ 0.046,0.460 ∓ 0.052,0.427 ∓ 0.058,0.428 ∓ 0.050,0.424 ∓ 0.043,0.413 ∓ 0.062,0.408 ∓ 0.048,0.766 ∓ 0.081,0.466 ∓ 0.142,0.498 ∓ 0.119,0.396 ∓ 0.072,0.388 ∓ 0.091,0.375 ∓ 0.076,0.689 ∓ 0.103,0.813 ∓ 0.106,0.717 ∓ 0.099,,,,,,,,,,,,,,,,,,,,,,,,,,,,,,,,,,,,,,,,,,,,,,,,,,,,,,,,,,,,,,,
D4 HTAD,Random Forest MVS,0.597 ∓ 0.035,0.652 ∓ 0.034,,,,,,,,,,,,,,,,,,,,,,,,,,,,,,,,,,0.669 ∓ 0.021,0.628 ∓ 0.025,0.596 ∓ 0.038,0.691 ∓ 0.028,0.652 ∓ 0.034,0.619 ∓ 0.047,7.548 ∓ 0.044,0.044 ∓ 0.003,0.000 ∓ 0.000,0.000 ∓ 0.000,,,,,,,,,,,,,,,,,,,,,,,,,,,,,,,,,,,,,,,,,,,,,,,,,,,,,,,,,,,,,,,,,,,,,,,,,,,,,,,,,,,,,,,,,,,,,,,,,,,,,,,,,,,,,,,,,,,,,,,,,,,,,,,,,,,,,,,,,,,,,,,,,,,,,,,,,,,,,,,,,,,,,,,,,,,,,,,,,,,,,,,,0.522 ∓ 0.027,0.748 ∓ 0.104,0.595 ∓ 0.060,0.722 ∓ 0.062,0.887 ∓ 0.035,0.779 ∓ 0.032,0.660 ∓ 0.060,0.471 ∓ 0.068,0.521 ∓ 0.055,0.566 ∓ 0.042,0.587 ∓ 0.050,0.564 ∓ 0.034,0.917 ∓ 0.039,0.491 ∓ 0.154,0.517 ∓ 0.145,0.492 ∓ 0.050,0.329 ∓ 0.072,0.367 ∓ 0.062,0.803 ∓ 0.071,0.883 ∓ 0.059,0.827 ∓ 0.054,,,,,,,,,,,,,,,,,,,,,,,,,,,,,,,,,,,,,,,,,,,,,,,,,,,,,,,,,,,,,,,
D4 HTAD,Randopt,0.504 ∓ 0.053,0.573 ∓ 0.050,,,,,,,,,,,,,,,,,,,,,,,,,,,,,,,,,,0.575 ∓ 0.040,0.550 ∓ 0.043,0.525 ∓ 0.048,0.602 ∓ 0.048,0.573 ∓ 0.050,0.550 ∓ 0.057,3.003 ∓ 1.487,0.043 ∓ 0.012,0.000 ∓ 0.000,146.425 ∓ 79.296,,,,,,,,,,,,,,,,,,,,,,,,,,,,,,,,,,,,,,,,,,,,,,,,,,,,,,,,,,,,,,,,,,,,,,,,,,,,,,,,,,,,,,,,,,,,,,,,,,,,,,,,,,,,,,,,,,,,,,,,,,,,,,,,,,,,,,,,,,,,,,,,,,,,,,,,,,,,,,,,,,,,,,,,,,,,,,,,,,,,,,,,0.438 ∓ 0.080,0.570 ∓ 0.116,0.470 ∓ 0.087,0.665 ∓ 0.077,0.746 ∓ 0.061,0.689 ∓ 0.060,0.511 ∓ 0.077,0.410 ∓ 0.072,0.427 ∓ 0.063,0.453 ∓ 0.046,0.464 ∓ 0.066,0.439 ∓ 0.053,0.813 ∓ 0.058,0.561 ∓ 0.138,0.586 ∓ 0.110,0.429 ∓ 0.078,0.311 ∓ 0.087,0.338 ∓ 0.077,0.716 ∓ 0.083,0.790 ∓ 0.107,0.728 ∓ 0.091,,,,,,,,,,,,,,,,,,,,,,,,,,,,,,,,,,,,,,,,,,,,,,,,,,,,,,,,,,,,,,,
D4 HTAD,Brute Force,0.949 ∓ 0.000,0.957 ∓ 0.000,,,,,,,,,,,,,,,,,,,,,,,,,,,,,,,,,,0.953 ∓ 0.000,0.952 ∓ 0.000,0.952 ∓ 0.000,0.957 ∓ 0.000,0.957 ∓ 0.000,0.957 ∓ 0.000,5.556 ∓ 0.000,0.090 ∓ 0.000,0.000 ∓ 0.000,0.000 ∓ 0.000,,,,,,,,,,,,,,,,,,,,,,,,,,,,,,,,,,,,,,,,,,,,,,,,,,,,,,,,,,,,,,,,,,,,,,,,,,,,,,,,,,,,,,,,,,,,,,,,,,,,,,,,,,,,,,,,,,,,,,,,,,,,,,,,,,,,,,,,,,,,,,,,,,,,,,,,,,,,,,,,,,,,,,,,,,,,,,,,,,,,,,,,0.895 ∓ 0.000,0.944 ∓ 0.000,0.919 ∓ 0.000,1.000 ∓ 0.000,1.000 ∓ 0.000,1.000 ∓ 0.000,0.914 ∓ 0.000,0.889 ∓ 0.000,0.901 ∓ 0.000,0.919 ∓ 0.000,0.944 ∓ 0.000,0.932 ∓ 0.000,1.000 ∓ 0.000,1.000 ∓ 0.000,1.000 ∓ 0.000,0.970 ∓ 0.000,0.889 ∓ 0.000,0.928 ∓ 0.000,0.976 ∓ 0.000,1.000 ∓ 0.000,0.988 ∓ 0.000,,,,,,,,,,,,,,,,,,,,,,,,,,,,,,,,,,,,,,,,,,,,,,,,,,,,,,,,,,,,,,,
